<?xml version="1.0" encoding="UTF-8"?><font><info face="sans-serif" size="72" bold="0" italic="0" charset="" unicode="1" stretchH="100" smooth="1" aa="1" padding="1,1,1,1" spacing="1,1"/><common lineHeight="72" base="56" scaleW="224" scaleH="185" pages="1" packed="0"/><pages><page id="0" file="scoreFont.png"/></pages><chars count="16"><char id="32" x="0" y="0" width="0" height="0" xoffset="0" yoffset="0" xadvance="21" page="0" chnl="15"/><char id="48" x="52" y="0" width="44" height="61" xoffset="-1" yoffset="1" xadvance="41" page="0" chnl="15"/><char id="49" x="188" y="0" width="29" height="60" xoffset="4" yoffset="1" xadvance="41" page="0" chnl="15"/><char id="50" x="90" y="63" width="44" height="60" xoffset="-2" yoffset="1" xadvance="41" page="0" chnl="15"/><char id="51" x="97" y="0" width="44" height="61" xoffset="-1" yoffset="1" xadvance="41" page="0" chnl="15"/><char id="52" x="135" y="63" width="46" height="60" xoffset="-3" yoffset="1" xadvance="41" page="0" chnl="15"/><char id="53" x="0" y="125" width="44" height="60" xoffset="-1" yoffset="2" xadvance="41" page="0" chnl="15"/><char id="54" x="142" y="0" width="45" height="61" xoffset="-2" yoffset="1" xadvance="41" page="0" chnl="15"/><char id="55" x="45" y="125" width="44" height="59" xoffset="-1" yoffset="2" xadvance="41" page="0" chnl="15"/><char id="56" x="0" y="63" width="44" height="61" xoffset="-1" yoffset="1" xadvance="41" page="0" chnl="15"/><char id="57" x="45" y="63" width="44" height="61" xoffset="-1" yoffset="1" xadvance="41" page="0" chnl="15"/><char id="83" x="0" y="0" width="51" height="62" xoffset="-1" yoffset="0" xadvance="49" page="0" chnl="15"/><char id="99" x="182" y="63" width="42" height="48" xoffset="-1" yoffset="14" xadvance="36" page="0" chnl="15"/><char id="101" x="136" y="124" width="45" height="48" xoffset="-2" yoffset="14" xadvance="41" page="0" chnl="15"/><char id="111" x="90" y="124" width="45" height="48" xoffset="-2" yoffset="14" xadvance="41" page="0" chnl="15"/><char id="114" x="182" y="112" width="31" height="47" xoffset="0" yoffset="14" xadvance="24" page="0" chnl="15"/></chars></font>